<?xml version="1.0" encoding="UTF-8"?>
<!DOCTYPE suite SYSTEM "https://testng.org/testng-1.0.dtd">
<suite name="Suite" thread-count="3" parallel= "classes">
  
  <test name="ChromeTest">
  <parameter name="browser" value="Chrome"/>
    <classes>
      <class name="TestCasePack.TestNG_Class_101"/>
      <class name="TestCasePack.TestNG_Class_102"/>
    </classes>
  </test> <!-- Test -->
  
  <test name="FirefoxTest">
  <parameter name="browser" value="Firefox"/>
    <classes>
      <class name="TestCasePack.TestNG_Class_101"/>
      <class name="TestCasePack.TestNG_Class_102"/>
    </classes>
  </test> <!-- Test -->
  
</suite> <!-- Suite -->
