<?xml version="1.0" encoding="UTF-8"?>
<!DOCTYPE suite SYSTEM "https://testng.org/testng-1.0.dtd">
<suite name="Suite">
	<listeners>
		<listener class-name="extendReport.ExtentTestNGIReporterListener" />
	</listeners>
	
  <test thread-count="5" name="ChromeTest">
  <parameter name="browser" value="Chrome"/>
    <classes> 
      	<class name="TestPack.TestNGClass01"/>
      	<class name="TestPack.TestNGClass02"/>
    </classes>
  </test> <!-- Test -->
  
  <test thread-count="5" name="FirefoxTest">
  <parameter name="browser" value="Firefox"/>
  	<classes>
  		<class name="TestPack.TestNGClass01"/>
  		<class name="TestPack.TestNGClass02"/>
  	</classes>
  </test> <!-- Test -->

</suite> <!-- Suite -->
